System,Residue,Mean Energy (kcal/mol),Std Dev
W286A,ASP74,1.4520117176470593,1.0740454357410738
W286A,GLU202,-2.4903270117647036,2.298509538022852
W286A,PHE338,-0.9454245473684187,0.33846675809461685
W286A,SER125,-0.963559466666665,0.3380669906451386
W286A,SER203,-0.7796448000000009,0.17753108008503718
W286A,TRP286,-0.9932529600000012,0.32426989436899045
W286A,TRP86,-2.9275748533333372,1.1845281622425046
W286A,TYR124,-1.630134880000001,0.4598788472698786
W286A,TYR337,-0.9154611000000017,0.778196190366629
W286A,TYR341,-1.8903984888888898,0.8676830106204961
W286A,TYR72,-1.4101341052631593,0.4786880498038419
W86A,ASP74,-0.9160733500000022,0.9892006259787482
W86A,GLU202,0.95066015,0.36495973782778457
W86A,PHE295,-1.9713474666666662,0.24968780185729794
W86A,PHE338,-0.9048641230769251,0.1651572316393015
W86A,SER125,0.8644098181818223,1.0282599055747628
W86A,TRP286,-2.5310099999999993,1.110311685981903
W86A,TRP86,-2.451570133333334,1.3440227294632343
W86A,TYR124,-1.654891957894736,0.8393574143956688
W86A,TYR133,0.047628799999998916,0.7734801852235942
W86A,TYR337,-0.7731720000000047,0.4141631745426505
W86A,TYR341,-1.885138303999999,0.9348914241111096
W86A,TYR72,-2.4081642285714273,0.91797708755689
Wild Type,ASP74,1.5601267428571437,0.8954917585304012
Wild Type,PHE338,-2.097731345454547,1.2772741591895795
Wild Type,SER125,-0.4580759599999998,1.7623309390477009
Wild Type,TRP286,-1.5780055448275836,0.5649568853122829
Wild Type,TRP86,-1.293322304,0.45413271230901264
Wild Type,TYR124,-0.5894778074074066,0.9122928531332666
Wild Type,TYR337,-0.7437792888888901,0.17433332845302937
Wild Type,TYR341,-2.7754903428571436,0.9248652498559633
Wild Type,TYR72,-1.3746489230769219,0.6815527922579492
